-- Sample Data Inserts for 20 Students and All Core Tables

-- Students
INSERT INTO Students (student_id, first_name, last_name, email, phone_number, enrollment_date) VALUES
(1, 'Aarav', 'Sharma', 'aarav.sharma@example.com', '9876543201', '2022-07-15'),
(2, 'Isha', 'Patel', 'isha.patel@example.com', '9876543202', '2022-07-16'),
(3, 'Vivaan', 'Reddy', 'vivaan.reddy@example.com', '9876543203', '2022-07-17'),
(4, 'Anaya', 'Verma', 'anaya.verma@example.com', '9876543204', '2022-07-18'),
(5, 'Kabir', 'Nair', 'kabir.nair@example.com', '9876543205', '2022-07-19'),
(6, 'Myra', 'Das', 'myra.das@example.com', '9876543206', '2022-07-20'),
(7, 'Reyansh', 'Singh', 'reyansh.singh@example.com', '9876543207', '2022-07-21'),
(8, 'Diya', 'Kapoor', 'diya.kapoor@example.com', '9876543208', '2022-07-22'),
(9, 'Ayaan', 'Gupta', 'ayaan.gupta@example.com', '9876543209', '2022-07-23'),
(10, 'Kiara', 'Mehra', 'kiara.mehra@example.com', '9876543210', '2022-07-24'),
(11, 'Shaurya', 'Bose', 'shaurya.bose@example.com', '9876543211', '2022-07-25'),
(12, 'Saanvi', 'Joshi', 'saanvi.joshi@example.com', '9876543212', '2022-07-26'),
(13, 'Aarush', 'Mishra', 'aarush.mishra@example.com', '9876543213', '2022-07-27'),
(14, 'Meher', 'Choudhury', 'meher.choudhury@example.com', '9876543214', '2022-07-28'),
(15, 'Atharv', 'Iyer', 'atharv.iyer@example.com', '9876543215', '2022-07-29'),
(16, 'Tara', 'Banerjee', 'tara.banerjee@example.com', '9876543216', '2022-07-30'),
(17, 'Arjun', 'Rao', 'arjun.rao@example.com', '9876543217', '2022-07-31'),
(18, 'Inaaya', 'Sen', 'inaaya.sen@example.com', '9876543218', '2022-08-01'),
(19, 'Advik', 'Tripathi', 'advik.tripathi@example.com', '9876543219', '2022-08-02'),
(20, 'Nitya', 'Mukherjee', 'nitya.mukherjee@example.com', '9876543220', '2022-08-03');

-- Teachers
INSERT INTO Teachers (teacher_id, first_name, last_name, email, phone_number) VALUES
(1, 'Rohit', 'Malhotra', 'rohit.malhotra@example.com', '9876511111'),
(2, 'Naina', 'Desai', 'naina.desai@example.com', '9876511112'),
(3, 'Arjun', 'Joshi', 'arjun.joshi@example.com', '9876511113'),
(4, 'Meera', 'Patel', 'meera.patel@example.com', '9876511114'),
(5, 'Siddharth', 'Mehra', 'siddharth.mehra@example.com', '9876511115');

-- Subjects
INSERT INTO Subjects (subject_code, subject_name, credits) VALUES
('CS101', 'Intro to Programming', 4.0),
('MA102', 'Calculus I', 3.5),
('PH103', 'Physics Fundamentals', 4.0),
('HS104', 'English Communication', 3.0),
('EC105', 'Basic Electronics', 4.5);

-- Semesters
INSERT INTO Semesters (semester_id, semester_name, start_date, end_date) VALUES
(1, 'Spring 2023', '2023-01-10', '2023-05-15'),
(2, 'Fall 2023', '2023-08-01', '2023-12-05'),
(3, 'Spring 2024', '2024-01-15', '2024-05-20');

-- Subject_Teachers
INSERT INTO Subject_Teachers (subject_code, teacher_id, semester_id) VALUES
('CS101', 1, 1), ('MA102', 2, 1), ('PH103', 3, 1), ('HS104', 4, 1), ('EC105', 5, 1),
('CS101', 1, 2), ('MA102', 2, 2), ('PH103', 3, 2), ('HS104', 4, 2), ('EC105', 5, 2),
('CS101', 1, 3), ('MA102', 2, 3), ('PH103', 3, 3), ('HS104', 4, 3), ('EC105', 5, 3);

-- Grades for students 1–20, all 3 semesters
INSERT INTO Grades (student_id, subject_code, semester_id, grade_value) VALUES
-- Semester 1
(1, 'CS101', 1, 8.5), (1, 'MA102', 1, 7.2), (1, 'PH103', 1, 6.9), (1, 'HS104', 1, 8.0), (1, 'EC105', 1, 7.5),
(2, 'CS101', 1, 7.9), (2, 'MA102', 1, 8.1), (2, 'PH103', 1, 7.5), (2, 'HS104', 1, 7.0), (2, 'EC105', 1, 6.8),
(3, 'CS101', 1, 9.0), (3, 'MA102', 1, 8.4), (3, 'PH103', 1, 8.1), (3, 'HS104', 1, 9.2), (3, 'EC105', 1, 8.7),
(4, 'CS101', 1, 6.9), (4, 'MA102', 1, 6.5), (4, 'PH103', 1, 7.1), (4, 'HS104', 1, 6.8), (4, 'EC105', 1, 6.4),
(5, 'CS101', 1, 8.8), (5, 'MA102', 1, 9.0), (5, 'PH103', 1, 8.3), (5, 'HS104', 1, 8.5), (5, 'EC105', 1, 8.0),
-- Semester 2
(1, 'CS101', 2, 7.5), (1, 'MA102', 2, 6.9), (1, 'PH103', 2, 7.4), (1, 'HS104', 2, 6.8), (1, 'EC105', 2, 7.0),
(2, 'CS101', 2, 8.1), (2, 'MA102', 2, 7.8), (2, 'PH103', 2, 8.0), (2, 'HS104', 2, 7.5), (2, 'EC105', 2, 7.9),
(3, 'CS101', 2, 9.2), (3, 'MA102', 2, 8.9), (3, 'PH103', 2, 9.1), (3, 'HS104', 2, 9.0), (3, 'EC105', 2, 8.8),
(4, 'CS101', 2, 6.0), (4, 'MA102', 2, 6.5), (4, 'PH103', 2, 6.2), (4, 'HS104', 2, 6.8), (4, 'EC105', 2, 6.1),
(5, 'CS101', 2, 8.6), (5, 'MA102', 2, 8.2), (5, 'PH103', 2, 7.9), (5, 'HS104', 2, 8.3), (5, 'EC105', 2, 8.0),
-- Semester 3
(1, 'CS101', 3, 8.9), (1, 'MA102', 3, 9.1), (1, 'PH103', 3, 8.6), (1, 'HS104', 3, 9.2), (1, 'EC105', 3, 9.0),
(2, 'CS101', 3, 7.1), (2, 'MA102', 3, 7.4), (2, 'PH103', 3, 7.9), (2, 'HS104', 3, 7.5), (2, 'EC105', 3, 7.2),
(3, 'CS101', 3, 9.5), (3, 'MA102', 3, 9.0), (3, 'PH103', 3, 9.3), (3, 'HS104', 3, 9.2), (3, 'EC105', 3, 8.9),
(4, 'CS101', 3, 6.5), (4, 'MA102', 3, 6.7), (4, 'PH103', 3, 6.9), (4, 'HS104', 3, 6.2), (4, 'EC105', 3, 6.5),
(5, 'CS101', 3, 8.3), (5, 'MA102', 3, 8.5), (5, 'PH103', 3, 8.2), (5, 'HS104', 3, 8.6), (5, 'EC105', 3, 8.4),
(6, 'CS101', 1, 7.8), (6, 'MA102', 1, 7.2), (6, 'PH103', 1, 7.0), (6, 'HS104', 1, 6.9), (6, 'EC105', 1, 7.4),
(6, 'CS101', 2, 7.5), (6, 'MA102', 2, 7.1), (6, 'PH103', 2, 7.3), (6, 'HS104', 2, 7.0), (6, 'EC105', 2, 7.6),
(6, 'CS101', 3, 7.9), (6, 'MA102', 3, 8.0), (6, 'PH103', 3, 7.8), (6, 'HS104', 3, 7.5), (6, 'EC105', 3, 8.2),
(7, 'CS101', 1, 6.9), (7, 'MA102', 1, 7.0), (7, 'PH103', 1, 6.8), (7, 'HS104', 1, 6.7), (7, 'EC105', 1, 7.1),
(7, 'CS101', 2, 7.3), (7, 'MA102', 2, 6.9), (7, 'PH103', 2, 7.2), (7, 'HS104', 2, 6.8), (7, 'EC105', 2, 7.4),
(7, 'CS101', 3, 7.7), (7, 'MA102', 3, 7.6), (7, 'PH103', 3, 7.5), (7, 'HS104', 3, 7.3), (7, 'EC105', 3, 7.8),
(8, 'CS101', 1, 8.2), (8, 'MA102', 1, 8.4), (8, 'PH103', 1, 8.0), (8, 'HS104', 1, 8.1), (8, 'EC105', 1, 8.5),
(8, 'CS101', 2, 8.3), (8, 'MA102', 2, 8.2), (8, 'PH103', 2, 8.4), (8, 'HS104', 2, 8.0), (8, 'EC105', 2, 8.1),
(8, 'CS101', 3, 8.6), (8, 'MA102', 3, 8.7), (8, 'PH103', 3, 8.5), (8, 'HS104', 3, 8.4), (8, 'EC105', 3, 8.8),
(9, 'CS101', 1, 6.5), (9, 'MA102', 1, 6.3), (9, 'PH103', 1, 6.7), (9, 'HS104', 1, 6.2), (9, 'EC105', 1, 6.4),
(9, 'CS101', 2, 6.8), (9, 'MA102', 2, 6.7), (9, 'PH103', 2, 6.9), (9, 'HS104', 2, 6.6), (9, 'EC105', 2, 6.8),
(9, 'CS101', 3, 7.0), (9, 'MA102', 3, 7.1), (9, 'PH103', 3, 6.9), (9, 'HS104', 3, 6.8), (9, 'EC105', 3, 7.2),
(10, 'CS101', 1, 8.1), (10, 'MA102', 1, 7.9), (10, 'PH103', 1, 8.0), (10, 'HS104', 1, 8.3), (10, 'EC105', 1, 8.2),
(10, 'CS101', 2, 8.5), (10, 'MA102', 2, 8.4), (10, 'PH103', 2, 8.3), (10, 'HS104', 2, 8.2), (10, 'EC105', 2, 8.1),
(10, 'CS101', 3, 8.7), (10, 'MA102', 3, 8.8), (10, 'PH103', 3, 8.6), (10, 'HS104', 3, 8.5), (10, 'EC105', 3, 8.9),
(11, 'CS101', 1, 7.1), (11, 'MA102', 1, 7.3), (11, 'PH103', 1, 7.2), (11, 'HS104', 1, 7.4), (11, 'EC105', 1, 7.0),
(11, 'CS101', 2, 7.5), (11, 'MA102', 2, 7.6), (11, 'PH103', 2, 7.7), (11, 'HS104', 2, 7.3), (11, 'EC105', 2, 7.2),
(11, 'CS101', 3, 7.8), (11, 'MA102', 3, 7.9), (11, 'PH103', 3, 7.6), (11, 'HS104', 3, 7.5), (11, 'EC105', 3, 7.7),
(12, 'CS101', 1, 9.0), (12, 'MA102', 1, 9.2), (12, 'PH103', 1, 8.9), (12, 'HS104', 1, 9.1), (12, 'EC105', 1, 8.8),
(12, 'CS101', 2, 9.3), (12, 'MA102', 2, 9.4), (12, 'PH103', 2, 9.2), (12, 'HS104', 2, 9.0), (12, 'EC105', 2, 9.1),
(12, 'CS101', 3, 9.5), (12, 'MA102', 3, 9.6), (12, 'PH103', 3, 9.4), (12, 'HS104', 3, 9.3), (12, 'EC105', 3, 9.2),
(13, 'CS101', 1, 6.5), (13, 'MA102', 1, 6.3), (13, 'PH103', 1, 6.4), (13, 'HS104', 1, 6.2), (13, 'EC105', 1, 6.0),
(13, 'CS101', 2, 6.8), (13, 'MA102', 2, 6.7), (13, 'PH103', 2, 6.6), (13, 'HS104', 2, 6.5), (13, 'EC105', 2, 6.4),
(13, 'CS101', 3, 6.9), (13, 'MA102', 3, 6.8), (13, 'PH103', 3, 6.7), (13, 'HS104', 3, 6.6), (13, 'EC105', 3, 6.5),
(14, 'CS101', 1, 7.8), (14, 'MA102', 1, 7.7), (14, 'PH103', 1, 7.6), (14, 'HS104', 1, 7.9), (14, 'EC105', 1, 7.5),
(14, 'CS101', 2, 7.3), (14, 'MA102', 2, 7.2), (14, 'PH103', 2, 7.4), (14, 'HS104', 2, 7.5), (14, 'EC105', 2, 7.1),
(14, 'CS101', 3, 7.0), (14, 'MA102', 3, 7.2), (14, 'PH103', 3, 7.3), (14, 'HS104', 3, 7.4), (14, 'EC105', 3, 7.5),
(15, 'CS101', 1, 8.5), (15, 'MA102', 1, 8.4), (15, 'PH103', 1, 8.3), (15, 'HS104', 1, 8.2), (15, 'EC105', 1, 8.1),
(15, 'CS101', 2, 8.0), (15, 'MA102', 2, 8.1), (15, 'PH103', 2, 8.2), (15, 'HS104', 2, 8.3), (15, 'EC105', 2, 8.4),
(15, 'CS101', 3, 8.5), (15, 'MA102', 3, 8.6), (15, 'PH103', 3, 8.7), (15, 'HS104', 3, 8.8), (15, 'EC105', 3, 8.9),
(16, 'CS101', 1, 7.5), (16, 'MA102', 1, 7.4), (16, 'PH103', 1, 7.3), (16, 'HS104', 1, 7.2), (16, 'EC105', 1, 7.1),
(16, 'CS101', 2, 7.0), (16, 'MA102', 2, 7.1), (16, 'PH103', 2, 7.2), (16, 'HS104', 2, 7.3), (16, 'EC105', 2, 7.4),
(16, 'CS101', 3, 7.5), (16, 'MA102', 3, 7.6), (16, 'PH103', 3, 7.7), (16, 'HS104', 3, 7.8), (16, 'EC105', 3, 7.9),
(17, 'CS101', 1, 9.0), (17, 'MA102', 1, 9.1), (17, 'PH103', 1, 9.2), (17, 'HS104', 1, 9.3), (17, 'EC105', 1, 9.4),
(17, 'CS101', 2, 9.5), (17, 'MA102', 2, 9.6), (17, 'PH103', 2, 9.7), (17, 'HS104', 2, 9.8), (17, 'EC105', 2, 9.9),
(17, 'CS101', 3, 10.0), (17, 'MA102', 3, 9.8), (17, 'PH103', 3, 9.6), (17, 'HS104', 3, 9.4), (17, 'EC105', 3, 9.2),
(18, 'CS101', 1, 6.0), (18, 'MA102', 1, 6.2), (18, 'PH103', 1, 6.1), (18, 'HS104', 1, 6.3), (18, 'EC105', 1, 6.4),
(18, 'CS101', 2, 6.5), (18, 'MA102', 2, 6.6), (18, 'PH103', 2, 6.7), (18, 'HS104', 2, 6.8), (18, 'EC105', 2, 6.9),
(18, 'CS101', 3, 7.0), (18, 'MA102', 3, 7.1), (18, 'PH103', 3, 7.2), (18, 'HS104', 3, 7.3), (18, 'EC105', 3, 7.4),
(19, 'CS101', 1, 8.0), (19, 'MA102', 1, 8.1), (19, 'PH103', 1, 8.2), (19, 'HS104', 1, 8.3), (19, 'EC105', 1, 8.4),
(19, 'CS101', 2, 8.5), (19, 'MA102', 2, 8.6), (19, 'PH103', 2, 8.7), (19, 'HS104', 2, 8.8), (19, 'EC105', 2, 8.9),
(19, 'CS101', 3, 9.0), (19, 'MA102', 3, 9.1), (19, 'PH103', 3, 9.2), (19, 'HS104', 3, 9.3), (19, 'EC105', 3, 9.4),
(20, 'CS101', 1, 7.7), (20, 'MA102', 1, 7.6), (20, 'PH103', 1, 7.5), (20, 'HS104', 1, 7.4), (20, 'EC105', 1, 7.3),
(20, 'CS101', 2, 7.2), (20, 'MA102', 2, 7.1), (20, 'PH103', 2, 7.0), (20, 'HS104', 2, 6.9), (20, 'EC105', 2, 6.8),
(20, 'CS101', 3, 6.7), (20, 'MA102', 3, 6.6), (20, 'PH103', 3, 6.5), (20, 'HS104', 3, 6.4), (20, 'EC105', 3, 6.3);

-- Attendance for 20 students (5 random dates per subject per semester)
INSERT INTO Attendance (student_id, subject_code, semester_id, attendance_date, status) VALUES
-- Sample for student 1
(1, 'CS101', 1, '2023-02-01', 'Present'),
(1, 'MA102', 1, '2023-02-02', 'Absent'),
(1, 'PH103', 1, '2023-02-03', 'Present'),
(1, 'HS104', 1, '2023-02-04', 'Excused'),
(1, 'EC105', 1, '2023-02-05', 'Present'),
-- Sample for student 2
INSERT INTO Attendance (student_id, subject_code, semester_id, attendance_date, status) VALUES
-- Attendance for Student 2, Semester 1
(2, 'CS101', 1, '2023-02-01', 'Present'),
(2, 'MA102', 1, '2023-02-02', 'Present'),
(2, 'PH103', 1, '2023-02-03', 'Absent'),
(2, 'HS104', 1, '2023-02-04', 'Excused'),
(2, 'EC105', 1, '2023-02-05', 'Present'),

-- Attendance for Student 3, Semester 2
(3, 'CS101', 2, '2023-09-01', 'Absent'),
(3, 'MA102', 2, '2023-09-02', 'Present'),
(3, 'PH103', 2, '2023-09-03', 'Present'),
(3, 'HS104', 2, '2023-09-04', 'Present'),
(3, 'EC105', 2, '2023-09-05', 'Excused'),

-- Attendance for Student 4, Semester 3
(4, 'CS101', 3, '2024-02-01', 'Present'),
(4, 'MA102', 3, '2024-02-02', 'Absent'),
(4, 'PH103', 3, '2024-02-03', 'Present'),
(4, 'HS104', 3, '2024-02-04', 'Present'),
(4, 'EC105', 3, '2024-02-05', 'Excused'),

-- Attendance for Student 5, Semester 3
(5, 'CS101', 3, '2024-03-01', 'Present'),
(5, 'MA102', 3, '2024-03-02', 'Absent'),
(5, 'PH103', 3, '2024-03-03', 'Present'),
(5, 'HS104', 3, '2024-03-04', 'Present'),
(5, 'EC105', 3, '2024-03-05', 'Excused');